{
  "BONK": 5.68e-06,
  "PENGU": 0.00658023,
  "POPCAT": 0.04905709,
  "PHA": 0.03611955,
  "AGLD": 0.00161143,
  "SKATE": 0.0012
}
