{"BTC": [67550, 67600, 67520, 67450, 67380, 67431, 67450, 67323.025, 67200, 67150, 67300, 67450, 67380, 67250, 67100, 67400, 67500, 67420, 67350, 67280, 67400, 67550, 67600, 67520, 67450, 67380, 67431, 67450, 67323.025, 67200, 67150, 67300, 67450, 67380, 67250, 67100, 67400, 67500, 67420, 67350, 67280, 67400, 67550, 67600, 67520, 67450, 67380, 67431, 67450, 67368.375], "ETH": [1975, 1980, 1972, 1965, 1958, 1969.565, 1970, 1968.335, 1950, 1945, 1960, 1970, 1965, 1955, 1948, 1965, 1975, 1968, 1960, 1955, 1968, 1975, 1980, 1972, 1965, 1958, 1969.565, 1970, 1968.335, 1950, 1945, 1960, 1970, 1965, 1955, 1948, 1965, 1975, 1968, 1960, 1955, 1968, 1975, 1980, 1972, 1965, 1958, 1969.565, 1970, 1972.165], "SOL": [84, 84.2, 83.8, 83.2, 82.8, 83.255, 83.24, 83.135, 82, 81.5, 82.5, 83, 82.8, 82.2, 81.8, 83.2, 84, 83.5, 83, 82.5, 83.3, 84, 84.2, 83.8, 83.2, 82.8, 83.255, 83.24, 83.135, 82, 81.5, 82.5, 83, 82.8, 82.2, 81.8, 83.2, 84, 83.5, 83, 82.5, 83.3, 84, 84.2, 83.8, 83.2, 82.8, 83.255, 83.24, 83.39], "bitcoin": [67350, 67350, 67357, 67350, 67350, 67357, 67375, 67376, 67380, 67365, 67331, 67322, 67327, 67333], "ethereum": [1971.0, 1971.0, 1971.22, 1971.0, 1971.0, 1971.22, 1972.4, 1972.25, 1973.16, 1973.12, 1970.76, 1970.23, 1970.17, 1970.58], "solana": [83.18, 83.18, 83.18, 83.18, 83.18, 83.18, 83.18, 83.18, 83.18, 83.19, 83.19, 83.18, 83.17, 83.16], "dogecoin": [0.089885, 0.089885, 0.089888, 0.089885, 0.089885, 0.089888, 0.089906, 0.08992, 0.089932, 0.089932, 0.089934, 0.089929, 0.089931, 0.089945], "ripple": [1.36, 1.36, 1.36, 1.36, 1.36, 1.36, 1.36, 1.36, 1.36, 1.36, 1.36, 1.36, 1.36, 1.36], "cardano": [0.254665, 0.254665, 0.254679, 0.254665, 0.254665, 0.254679, 0.254709, 0.2547, 0.254663, 0.254629, 0.25459, 0.254584, 0.254563, 0.254597], "avalanche-2": [8.91, 8.91, 8.91, 8.91, 8.91, 8.91, 8.91, 8.91], "polkadot": [1.45, 1.45, 1.45, 1.45, 1.45, 1.45, 1.45, 1.45], "chainlink": [8.7, 8.7, 8.7, 8.7, 8.7, 8.7, 8.7, 8.69], "litecoin": [53.51, 53.51, 53.53, 53.57, 53.57, 53.56, 53.56], "uniswap": [3.77, 3.77, 3.77, 3.77, 3.77, 3.77], "cosmos": [1.78, 1.78, 1.79, 1.78, 1.78], "stellar": [0.149984, 0.149984, 0.150003, 0.15012, 0.150118], "monero": [347.63, 347.63, 347.66, 347.49, 346.75]}